Test,G1_Mean,G1_Std,G1_Pass_Rate,G2_Mean,G2_Std,G2_Pass_Rate,G1_Win_Rate,G2_Win_Rate
salony_dual_test2_output_judge_results,35.707638279192274,9.878063407597098,55.223880597014926,35.951273046532044,10.262141664456454,55.223880597014926,72.78314310798947,27.216856892010536
salony_dual_test3_output_judge_results,35.707638279192274,9.878063407597098,55.223880597014926,35.951273046532044,10.262141664456454,55.223880597014926,72.78314310798947,27.216856892010536
