Test,G1_coherence,G2_coherence,G1_completeness,G2_completeness,G1_feasibility,G2_feasibility,G1_format,G2_format,G1_granularity,G2_granularity,G1_Total,G2_Total,Winner
salony_dual_test2_output_judge_results,4.922739244951712,4.793239683933275,4.575943810359965,4.880158033362599,4.972783143107989,4.94161545215101,5.266900790166813,5.269534679543459,4.47585601404741,4.57243195785777,24.214223002633886,24.45697980684811,2
salony_dual_test3_output_judge_results,4.922739244951712,4.793239683933275,4.575943810359965,4.880158033362599,4.972783143107989,4.94161545215101,5.266900790166813,5.269534679543459,4.47585601404741,4.57243195785777,24.214223002633886,24.45697980684811,2
